{
  "project_info": {
    "project_number": "1066497778061",
    "firebase_url": "https://test-328dd-default-rtdb.firebaseio.com",
    "project_id": "test-328dd",
    "storage_bucket": "test-328dd.appspot.com"
  },
  "client": [
    {
      "client_info": {
        "mobilesdk_app_id": "1:1066497778061:android:41541b9f0c819dd3ab5dc4",
        "android_client_info": {
          "package_name": "com.carolmusyoka.mylocationchecker"
        }
      },
      "oauth_client": [
        {
          "client_id": "1066497778061-pg6dbt2358rgmuf4734c5j8q6t3fimee.apps.googleusercontent.com",
          "client_type": 3
        }
      ],
      "api_key": [
        {
          "current_key": "AIzaSyBQqLPQbgvdw4kTTZz0CyD8dKVLJnv2CbY"
        }
      ],
      "services": {
        "appinvite_service": {
          "other_platform_oauth_client": [
            {
              "client_id": "1066497778061-pg6dbt2358rgmuf4734c5j8q6t3fimee.apps.googleusercontent.com",
              "client_type": 3
            }
          ]
        }
      }
    },
    {
      "client_info": {
        "mobilesdk_app_id": "1:1066497778061:android:d04a6723358d4d21ab5dc4",
        "android_client_info": {
          "package_name": "com.carolmusyoka.mylocationtracker"
        }
      },
      "oauth_client": [
        {
          "client_id": "1066497778061-pg6dbt2358rgmuf4734c5j8q6t3fimee.apps.googleusercontent.com",
          "client_type": 3
        }
      ],
      "api_key": [
        {
          "current_key": "AIzaSyBQqLPQbgvdw4kTTZz0CyD8dKVLJnv2CbY"
        }
      ],
      "services": {
        "appinvite_service": {
          "other_platform_oauth_client": [
            {
              "client_id": "1066497778061-pg6dbt2358rgmuf4734c5j8q6t3fimee.apps.googleusercontent.com",
              "client_type": 3
            }
          ]
        }
      }
    },
    {
      "client_info": {
        "mobilesdk_app_id": "1:1066497778061:android:f64dec59a0a4b144ab5dc4",
        "android_client_info": {
          "package_name": "com.osepoo.driverapp"
        }
      },
      "oauth_client": [
        {
          "client_id": "1066497778061-pg6dbt2358rgmuf4734c5j8q6t3fimee.apps.googleusercontent.com",
          "client_type": 3
        }
      ],
      "api_key": [
        {
          "current_key": "AIzaSyBQqLPQbgvdw4kTTZz0CyD8dKVLJnv2CbY"
        }
      ],
      "services": {
        "appinvite_service": {
          "other_platform_oauth_client": [
            {
              "client_id": "1066497778061-pg6dbt2358rgmuf4734c5j8q6t3fimee.apps.googleusercontent.com",
              "client_type": 3
            }
          ]
        }
      }
    }
  ],
  "configuration_version": "1"
}